gbif_id,species,species_queried,latitude,longitude,coord_uncertainty_m,year,month,day,country_code,country,state_province,locality,basis_of_record,institution_code,dataset_name,region,source,inat_id,occ_id,source_group
4516747278,Sarotherodon melanotheron,Sarotherodon melanotheron,12.176065,99.969178,1953.0,2024.0,1.0,22.0,TH,Thailand,Prachuap Khiri Khan,,HUMAN_OBSERVATION,iNaturalist,iNaturalist research-grade observations,Thailand,GBIF,,0,Citizen science
4519054119,Sarotherodon melanotheron,Sarotherodon melanotheron,13.367991,99.955173,58.0,2024.0,1.0,19.0,TH,Thailand,Samut Songkhram,,HUMAN_OBSERVATION,iNaturalist,iNaturalist research-grade observations,Thailand,GBIF,,1,Citizen science
4535997174,Sarotherodon melanotheron,Sarotherodon melanotheron,13.5168,100.3506,,2024.0,1.0,16.0,TH,Thailand,Samut Sakhon,,HUMAN_OBSERVATION,iNaturalist,iNaturalist research-grade observations,Thailand,GBIF,,2,Citizen science
4909120653,Sarotherodon melanotheron,Sarotherodon melanotheron,12.207494,99.977011,2765.0,2024.0,1.0,13.0,TH,Thailand,Prachuap Khiri Khan,,HUMAN_OBSERVATION,iNaturalist,iNaturalist research-grade observations,Thailand,GBIF,,3,Citizen science
4596858833,Sarotherodon melanotheron,Sarotherodon melanotheron,13.545774,100.605019,8.0,2024.0,2.0,29.0,TH,Thailand,Samut Prakan,,HUMAN_OBSERVATION,iNaturalist,iNaturalist research-grade observations,Thailand,GBIF,,4,Citizen science
4596835915,Sarotherodon melanotheron,Sarotherodon melanotheron,13.450298,100.998355,3850.0,2024.0,3.0,5.0,TH,Thailand,Chon Buri,,HUMAN_OBSERVATION,iNaturalist,iNaturalist research-grade observations,Thailand,GBIF,,5,Citizen science
4851855006,Sarotherodon melanotheron,Sarotherodon melanotheron,10.383637,99.228632,422.0,2024.0,4.0,19.0,TH,Thailand,Chumphon,,HUMAN_OBSERVATION,iNaturalist,iNaturalist research-grade observations,Thailand,GBIF,,6,Citizen science
4909190228,Sarotherodon melanotheron,Sarotherodon melanotheron,7.716171,100.383358,38.0,2024.0,7.0,17.0,TH,Thailand,Songkhla,,HUMAN_OBSERVATION,iNaturalist,iNaturalist research-grade observations,Thailand,GBIF,,7,Citizen science
6129993844,Sarotherodon melanotheron,Sarotherodon melanotheron,12.262717,99.93448,6.0,2024.0,8.0,27.0,TH,Thailand,Prachuap Khiri Khan,,HUMAN_OBSERVATION,iNaturalist,iNaturalist research-grade observations,Thailand,GBIF,,8,Citizen science
4950270230,Sarotherodon melanotheron,Sarotherodon melanotheron,12.707738,101.70375,16.0,2024.0,9.0,22.0,TH,Thailand,Rayong,,HUMAN_OBSERVATION,iNaturalist,iNaturalist research-grade observations,Thailand,GBIF,,9,Citizen science
4952580340,Sarotherodon melanotheron,Sarotherodon melanotheron,13.716783,100.45885,18.0,2024.0,10.0,5.0,TH,Thailand,Bangkok Metropolis,,HUMAN_OBSERVATION,iNaturalist,iNaturalist research-grade observations,Thailand,GBIF,,10,Citizen science
4973870114,Sarotherodon melanotheron,Sarotherodon melanotheron,13.576555,100.44197,20.0,2024.0,10.0,21.0,TH,Thailand,Bangkok Metropolis,,HUMAN_OBSERVATION,iNaturalist,iNaturalist research-grade observations,Thailand,GBIF,,11,Citizen science
5007133868,Sarotherodon melanotheron,Sarotherodon melanotheron,13.050243,100.077453,,2024.0,12.0,11.0,TH,Thailand,Phetchaburi,,HUMAN_OBSERVATION,iNaturalist,iNaturalist research-grade observations,Thailand,GBIF,,12,Citizen science
4054809070,Sarotherodon melanotheron,Sarotherodon melanotheron,13.057011,100.07476,,2023.0,3.0,3.0,TH,Thailand,Phetchaburi,,HUMAN_OBSERVATION,iNaturalist,iNaturalist research-grade observations,Thailand,GBIF,,13,Citizen science
4129698094,Sarotherodon melanotheron,Sarotherodon melanotheron,12.40524,99.975255,326.0,2023.0,3.0,17.0,TH,Thailand,Prachuap Khiri Khan,,HUMAN_OBSERVATION,iNaturalist,iNaturalist research-grade observations,Thailand,GBIF,,14,Citizen science
4129839925,Sarotherodon melanotheron,Sarotherodon melanotheron,12.256278,99.977,201.0,2023.0,3.0,18.0,TH,Thailand,Prachuap Khiri Khan,,HUMAN_OBSERVATION,iNaturalist,iNaturalist research-grade observations,Thailand,GBIF,,15,Citizen science
4121337929,Sarotherodon melanotheron,Sarotherodon melanotheron,12.666975,99.959105,12.0,2023.0,5.0,21.0,TH,Thailand,Phetchaburi,,HUMAN_OBSERVATION,iNaturalist,iNaturalist research-grade observations,Thailand,GBIF,,16,Citizen science
4126953034,Sarotherodon melanotheron,Sarotherodon melanotheron,12.780647,101.652522,,2023.0,5.0,25.0,TH,Thailand,Rayong,,HUMAN_OBSERVATION,iNaturalist,iNaturalist research-grade observations,Thailand,GBIF,,17,Citizen science
4153545102,Sarotherodon melanotheron,Sarotherodon melanotheron,13.618778,100.43957,97.0,2023.0,7.0,11.0,TH,Thailand,Bangkok Metropolis,,HUMAN_OBSERVATION,iNaturalist,iNaturalist research-grade observations,Thailand,GBIF,,18,Citizen science
4416634005,Sarotherodon melanotheron,Sarotherodon melanotheron,13.448027,99.931596,5.0,2023.0,9.0,24.0,TH,Thailand,Samut Songkhram,,HUMAN_OBSERVATION,iNaturalist,iNaturalist research-grade observations,Thailand,GBIF,,19,Citizen science
4440713302,Sarotherodon melanotheron,Sarotherodon melanotheron,13.52562,100.418999,,2023.0,11.0,9.0,TH,Thailand,Bangkok Metropolis,,HUMAN_OBSERVATION,iNaturalist,iNaturalist research-grade observations,Thailand,GBIF,,20,Citizen science
4442431049,Sarotherodon melanotheron,Sarotherodon melanotheron,13.053122,100.088304,,2023.0,11.0,14.0,TH,Thailand,Phetchaburi,,HUMAN_OBSERVATION,iNaturalist,iNaturalist research-grade observations,Thailand,GBIF,,21,Citizen science
4909073416,Sarotherodon melanotheron,Sarotherodon melanotheron,13.606914,100.140513,252.0,2023.0,11.0,5.0,TH,Thailand,Samut Sakhon,,HUMAN_OBSERVATION,iNaturalist,iNaturalist research-grade observations,Thailand,GBIF,,22,Citizen science
4500680550,Sarotherodon melanotheron,Sarotherodon melanotheron,12.595186,101.881756,23.0,2023.0,12.0,19.0,TH,Thailand,Chanthaburi,,HUMAN_OBSERVATION,iNaturalist,iNaturalist research-grade observations,Thailand,GBIF,,23,Citizen science
4908258682,Sarotherodon melanotheron,Sarotherodon melanotheron,13.338796,99.929016,1496.0,2022.0,11.0,24.0,TH,Thailand,Samut Songkhram,,HUMAN_OBSERVATION,iNaturalist,iNaturalist research-grade observations,Thailand,GBIF,,24,Citizen science
3399051613,Sarotherodon melanotheron,Sarotherodon melanotheron,10.39572,99.278822,31.0,2021.0,10.0,16.0,TH,Thailand,Chumphon,,HUMAN_OBSERVATION,iNaturalist,iNaturalist research-grade observations,Thailand,GBIF,,25,Citizen science
3764558403,Sarotherodon melanotheron,Sarotherodon melanotheron,12.128617,99.953743,208.0,2019.0,3.0,24.0,TH,Thailand,Prachuap Khiri Khan,,HUMAN_OBSERVATION,iNaturalist,iNaturalist research-grade observations,Thailand,GBIF,,26,Citizen science
253148836,Sarotherodon melanotheron,Sarotherodon melanotheron,13.698279694,100.4452756047,2552.0,2024.0,8.0,17.0,MCXW+846 แขวงบางขุนเทียน เขตจอมทอง กรุงเทพมหานคร 10150 ประเทศไทย,Thailand,MCXW+846 แขวงบางขุนเทียน เขตจอมทอง กรุงเทพมหานคร 10150 ประเทศไทย,MCXW+846 แขวงบางขุนเทียน เขตจอมทอง กรุงเทพมหานคร 10150 ประเทศไทย,HUMAN_OBSERVATION,iNaturalist,iNaturalist,Thailand,iNaturalist,253148836.0,27,Citizen science
247946292,Sarotherodon melanotheron,Sarotherodon melanotheron,12.2010724755,100.0063056785,8.0,2024.0,1.0,18.0,"Sam Roi Yot, Sam Roi Yot District, Prachuap Khiri Khan, Thailand",Thailand,"Sam Roi Yot, Sam Roi Yot District, Prachuap Khiri Khan, Thailand","Sam Roi Yot, Sam Roi Yot District, Prachuap Khiri Khan, Thailand",HUMAN_OBSERVATION,iNaturalist,iNaturalist,Thailand,iNaturalist,247946292.0,28,Citizen science
245009988,Sarotherodon melanotheron,Sarotherodon melanotheron,13.7251758575,100.4672698972,,2024.0,10.0,1.0,"Pak Khlong Phasi Charoen, Phasi Charoen, Bangkok, Thailand",Thailand,"Pak Khlong Phasi Charoen, Phasi Charoen, Bangkok, Thailand","Pak Khlong Phasi Charoen, Phasi Charoen, Bangkok, Thailand",HUMAN_OBSERVATION,iNaturalist,iNaturalist,Thailand,iNaturalist,245009988.0,29,Citizen science
240108790,Sarotherodon melanotheron,Sarotherodon melanotheron,12.7054240612,99.9638184995,136.0,2024.0,9.0,5.0,"Rama Hok (3) Bridge, Cha-am, Phetchaburi, TH",Thailand,"Rama Hok (3) Bridge, Cha-am, Phetchaburi, TH","Rama Hok (3) Bridge, Cha-am, Phetchaburi, TH",HUMAN_OBSERVATION,iNaturalist,iNaturalist,Thailand,iNaturalist,240108790.0,30,Citizen science
197205355,Sarotherodon melanotheron,Sarotherodon melanotheron,11.8036691,99.7997433997,,2024.0,1.0,21.0,"Prachuap Khiri Khan, Mueang Prachuap Khiri Khan District, Prachuap Khiri Khan, Thailand",Thailand,"Prachuap Khiri Khan, Mueang Prachuap Khiri Khan District, Prachuap Khiri Khan, Thailand","Prachuap Khiri Khan, Mueang Prachuap Khiri Khan District, Prachuap Khiri Khan, Thailand",HUMAN_OBSERVATION,iNaturalist,iNaturalist,Thailand,iNaturalist,197205355.0,31,Citizen science
196177588,Sarotherodon melanotheron,Sarotherodon melanotheron,13.2437333333,99.8654333333,310.0,2024.0,1.0,9.0,"Ro Pho Cho Phetchaburi 3005 Rd., Khao Yoi, Phetchaburi, TH",Thailand,"Ro Pho Cho Phetchaburi 3005 Rd., Khao Yoi, Phetchaburi, TH","Ro Pho Cho Phetchaburi 3005 Rd., Khao Yoi, Phetchaburi, TH",HUMAN_OBSERVATION,iNaturalist,iNaturalist,Thailand,iNaturalist,196177588.0,32,Citizen science
157965100,Sarotherodon melanotheron,Sarotherodon melanotheron,10.0986001433,99.1404918954,,2023.0,4.0,30.0,"Location: 10.098600, 99.140492",Thailand,"Location: 10.098600, 99.140492","Location: 10.098600, 99.140492",HUMAN_OBSERVATION,iNaturalist,iNaturalist,Thailand,iNaturalist,157965100.0,33,Citizen science
145320053,Sarotherodon melanotheron,Sarotherodon melanotheron,12.827305,100.908745,3.0,2022.0,12.0,28.0,"Gulf of Thailand, Chonburi, TH",Thailand,"Gulf of Thailand, Chonburi, TH","Gulf of Thailand, Chonburi, TH",HUMAN_OBSERVATION,iNaturalist,iNaturalist,Thailand,iNaturalist,145320053.0,34,Citizen science
133426358,Sarotherodon melanotheron,Sarotherodon melanotheron,12.71822,101.6563749722,,2022.0,9.0,3.0,ตำบล เนินฆ้อ อำเภอแกลง ระยอง 21110 ประเทศไทย,Thailand,ตำบล เนินฆ้อ อำเภอแกลง ระยอง 21110 ประเทศไทย,ตำบล เนินฆ้อ อำเภอแกลง ระยอง 21110 ประเทศไทย,HUMAN_OBSERVATION,iNaturalist,iNaturalist,Thailand,iNaturalist,133426358.0,35,Citizen science
LIT003,Sarotherodon melanotheron,Sarotherodon melanotheron,13.6455,100.3478,2000.0,2024.0,,,TH,Thailand,Samut Sakhon,Khlong Phasi Charoen,LITERATURE,Literature,ปลาหมอคางดำกว่า 10 ตัน ซุกคลองภาษีเจริญ,Thailand,Literature,,36,Literature
LIT006,Sarotherodon melanotheron,Sarotherodon melanotheron,7.7913,100.2076,2000.0,2024.0,,,TH,Thailand,Songkhla,Khlong Phang Yang,LITERATURE,Literature,ประมงสงขลาชวนนักล่าร่วมแข่งจับปลาหมอคางดำ คลองพังยาง,Thailand,Literature,,37,Literature
