rep,fold,feature,label,group,selected,baseline_auc_reconstructed,reported_auc,permutation_auc_decrease,mean_abs_shap,shap_direction_rho
1,1,bio01,Annual mean temperature,S: environmental suitability,0,0.904423076923077,0.904423076923077,0.0,0.0,
1,1,bio04,Temperature seasonality,S: environmental suitability,1,0.904423076923077,0.904423076923077,0.04900641025641031,0.02129527440406894,0.3503467981312918
1,1,bio07,Annual temperature range,S: environmental suitability,0,0.904423076923077,0.904423076923077,0.0,0.0,
1,1,bio10,"Mean temperature, warmest quarter",S: environmental suitability,1,0.904423076923077,0.904423076923077,0.0037115384615385365,0.012325172259546631,0.304026602744674
1,1,bio11,"Mean temperature, coldest quarter",S: environmental suitability,0,0.904423076923077,0.904423076923077,0.0,0.0,
1,1,bio12,Annual precipitation,S: environmental suitability,0,0.904423076923077,0.904423076923077,0.0,0.0,
1,1,bio15,Precipitation seasonality,S: environmental suitability,1,0.904423076923077,0.904423076923077,0.04476282051282057,0.026526823976960094,0.7934181120404149
1,1,bio16,"Precipitation, wettest quarter",S: environmental suitability,0,0.904423076923077,0.904423076923077,0.0,0.0,
1,1,bio17,"Precipitation, driest quarter",S: environmental suitability,1,0.904423076923077,0.904423076923077,0.0039038461538462355,0.03080598938327275,0.08323646637031579
1,1,elevation,Elevation,S: environmental suitability,0,0.904423076923077,0.904423076923077,0.0,0.0,
1,1,A1_dist_waterway,Distance to waterway,A: waterway accessibility,1,0.904423076923077,0.904423076923077,-0.0006987179487178715,0.00035155168464650374,-0.7700755555816057
1,1,A2_waterway_order,Waterway order,A: waterway accessibility,1,0.904423076923077,0.904423076923077,0.005980769230769308,0.02473034617518405,0.5358128718604952
1,1,P1_pop_density,Population density,P: human-pressure proxy,1,0.904423076923077,0.904423076923077,0.08296794871794881,0.039899932342062065,0.13741683667001237
1,1,P2_dist_road,Distance to road,P: human-pressure proxy,0,0.904423076923077,0.904423076923077,0.0,0.0,
1,1,P3_road_density,Road density,P: human-pressure proxy,1,0.904423076923077,0.904423076923077,-0.0003525641025640458,0.0012363982173130394,0.3861463074352938
1,1,P4_dist_urban,Distance to urban area,P: human-pressure proxy,1,0.904423076923077,0.904423076923077,0.021397435897435948,0.027317992981316597,-0.6168017811600314
1,2,bio01,Annual mean temperature,S: environmental suitability,0,0.8997115384615385,0.8997115384615385,0.0,0.0,
1,2,bio04,Temperature seasonality,S: environmental suitability,0,0.8997115384615385,0.8997115384615385,0.0,0.0,
1,2,bio07,Annual temperature range,S: environmental suitability,1,0.8997115384615385,0.8997115384615385,0.046506410256410294,0.05209998665987663,0.6962691472417762
1,2,bio10,"Mean temperature, warmest quarter",S: environmental suitability,1,0.8997115384615385,0.8997115384615385,0.026621794871794904,0.010074274129640489,0.8005687580769668
1,2,bio11,"Mean temperature, coldest quarter",S: environmental suitability,0,0.8997115384615385,0.8997115384615385,0.0,0.0,
1,2,bio12,Annual precipitation,S: environmental suitability,1,0.8997115384615385,0.8997115384615385,0.08456730769230772,0.02744990247981774,-0.6828510788820058
1,2,bio15,Precipitation seasonality,S: environmental suitability,1,0.8997115384615385,0.8997115384615385,-0.008711538461538408,0.01113534712400298,0.30807989219256376
1,2,bio16,"Precipitation, wettest quarter",S: environmental suitability,0,0.8997115384615385,0.8997115384615385,0.0,0.0,
1,2,bio17,"Precipitation, driest quarter",S: environmental suitability,1,0.8997115384615385,0.8997115384615385,-0.002214743589743551,0.08351760444414796,-0.17131541633048405
1,2,elevation,Elevation,S: environmental suitability,1,0.8997115384615385,0.8997115384615385,0.025887820512820563,0.008568666216464405,-0.5823761190391317
1,2,A1_dist_waterway,Distance to waterway,A: waterway accessibility,0,0.8997115384615385,0.8997115384615385,0.0,0.0,
1,2,A2_waterway_order,Waterway order,A: waterway accessibility,1,0.8997115384615385,0.8997115384615385,0.004397435897435949,0.0027416029069656663,0.566179403391534
1,2,P1_pop_density,Population density,P: human-pressure proxy,1,0.8997115384615385,0.8997115384615385,0.026679487179487236,0.06489030584601667,-0.03250144964875125
1,2,P2_dist_road,Distance to road,P: human-pressure proxy,0,0.8997115384615385,0.8997115384615385,0.0,0.0,
1,2,P3_road_density,Road density,P: human-pressure proxy,1,0.8997115384615385,0.8997115384615385,0.0049935897435897806,0.007169655354442854,0.8592992049465956
1,2,P4_dist_urban,Distance to urban area,P: human-pressure proxy,1,0.8997115384615385,0.8997115384615385,0.0014391025641025863,0.009187659610591585,-0.2014719461349894
1,3,bio01,Annual mean temperature,S: environmental suitability,0,0.9835416666666666,0.9835416666666666,0.0,0.0,
1,3,bio04,Temperature seasonality,S: environmental suitability,1,0.9835416666666666,0.9835416666666666,-0.007361111111111096,0.10558989209758057,0.5620704191268922
1,3,bio07,Annual temperature range,S: environmental suitability,1,0.9835416666666666,0.9835416666666666,0.004833333333333345,0.03831790413557802,-0.3968146999542894
1,3,bio10,"Mean temperature, warmest quarter",S: environmental suitability,0,0.9835416666666666,0.9835416666666666,0.0,0.0,
1,3,bio11,"Mean temperature, coldest quarter",S: environmental suitability,1,0.9835416666666666,0.9835416666666666,0.018798611111111127,0.013311905089705553,0.5887247098597724
1,3,bio12,Annual precipitation,S: environmental suitability,1,0.9835416666666666,0.9835416666666666,-0.0010208333333333339,0.03909640680973103,-0.6384121800088378
1,3,bio15,Precipitation seasonality,S: environmental suitability,1,0.9835416666666666,0.9835416666666666,0.0011944444444444314,0.016287193418513823,0.830995402086483
1,3,bio16,"Precipitation, wettest quarter",S: environmental suitability,0,0.9835416666666666,0.9835416666666666,0.0,0.0,
1,3,bio17,"Precipitation, driest quarter",S: environmental suitability,1,0.9835416666666666,0.9835416666666666,0.002673611111111129,0.08345243408044717,0.24705158212122144
1,3,elevation,Elevation,S: environmental suitability,1,0.9835416666666666,0.9835416666666666,0.06477083333333332,0.037919953247755815,-0.8713860032461519
1,3,A1_dist_waterway,Distance to waterway,A: waterway accessibility,0,0.9835416666666666,0.9835416666666666,0.0,0.0,
1,3,A2_waterway_order,Waterway order,A: waterway accessibility,1,0.9835416666666666,0.9835416666666666,-0.001083333333333336,0.03576772904352425,0.8684589102275052
1,3,P1_pop_density,Population density,P: human-pressure proxy,1,0.9835416666666666,0.9835416666666666,0.010611111111111108,0.019891526034381622,0.9086776864660623
1,3,P2_dist_road,Distance to road,P: human-pressure proxy,0,0.9835416666666666,0.9835416666666666,0.0,0.0,
1,3,P3_road_density,Road density,P: human-pressure proxy,1,0.9835416666666666,0.9835416666666666,0.0007638888888888787,0.003746452141300254,0.8722981283985941
1,3,P4_dist_urban,Distance to urban area,P: human-pressure proxy,1,0.9835416666666666,0.9835416666666666,0.011347222222222234,0.020513497426263773,-0.5369060632903226
2,1,bio01,Annual mean temperature,S: environmental suitability,0,0.9130769230769231,0.9130769230769232,0.0,0.0,
2,1,bio04,Temperature seasonality,S: environmental suitability,1,0.9130769230769231,0.9130769230769232,0.08480128205128205,0.055615135413705684,0.6086001032974249
2,1,bio07,Annual temperature range,S: environmental suitability,0,0.9130769230769231,0.9130769230769232,0.0,0.0,
2,1,bio10,"Mean temperature, warmest quarter",S: environmental suitability,1,0.9130769230769231,0.9130769230769232,0.011769230769230825,0.017758602588917392,-0.02434139669211193
2,1,bio11,"Mean temperature, coldest quarter",S: environmental suitability,0,0.9130769230769231,0.9130769230769232,0.0,0.0,
2,1,bio12,Annual precipitation,S: environmental suitability,0,0.9130769230769231,0.9130769230769232,0.0,0.0,
2,1,bio15,Precipitation seasonality,S: environmental suitability,1,0.9130769230769231,0.9130769230769232,0.04388461538461541,0.06822338540670418,-0.7782559681794596
2,1,bio16,"Precipitation, wettest quarter",S: environmental suitability,1,0.9130769230769231,0.9130769230769232,-0.0033653846153845887,0.01743591999310612,-0.5061961312809141
2,1,bio17,"Precipitation, driest quarter",S: environmental suitability,0,0.9130769230769231,0.9130769230769232,0.0,0.0,
2,1,elevation,Elevation,S: environmental suitability,0,0.9130769230769231,0.9130769230769232,0.0,0.0,
2,1,A1_dist_waterway,Distance to waterway,A: waterway accessibility,0,0.9130769230769231,0.9130769230769232,0.0,0.0,
2,1,A2_waterway_order,Waterway order,A: waterway accessibility,1,0.9130769230769231,0.9130769230769232,0.04087820512820514,0.04125010920133838,0.8342720815398009
2,1,P1_pop_density,Population density,P: human-pressure proxy,1,0.9130769230769231,0.9130769230769232,0.0003269230769231135,0.01787642244507127,0.5310882948305065
2,1,P2_dist_road,Distance to road,P: human-pressure proxy,0,0.9130769230769231,0.9130769230769232,0.0,0.0,
2,1,P3_road_density,Road density,P: human-pressure proxy,1,0.9130769230769231,0.9130769230769232,0.006551282051282085,0.011380503326783644,0.7943804135812641
2,1,P4_dist_urban,Distance to urban area,P: human-pressure proxy,1,0.9130769230769231,0.9130769230769232,0.012634615384615395,0.027785613781828478,-0.6494574020987236
2,2,bio01,Annual mean temperature,S: environmental suitability,0,0.9779807692307693,0.9779807692307692,0.0,0.0,
2,2,bio04,Temperature seasonality,S: environmental suitability,1,0.9779807692307693,0.9779807692307692,0.003346153846153869,0.0160798585389999,-0.07228193797334717
2,2,bio07,Annual temperature range,S: environmental suitability,0,0.9779807692307693,0.9779807692307692,0.0,0.0,
2,2,bio10,"Mean temperature, warmest quarter",S: environmental suitability,1,0.9779807692307693,0.9779807692307692,0.0008012820512820743,0.005238334318731145,0.24373310962488753
2,2,bio11,"Mean temperature, coldest quarter",S: environmental suitability,0,0.9779807692307693,0.9779807692307692,0.0,0.0,
2,2,bio12,Annual precipitation,S: environmental suitability,1,0.9779807692307693,0.9779807692307692,0.001528846153846201,0.007515829945411783,0.11999742650482204
2,2,bio15,Precipitation seasonality,S: environmental suitability,1,0.9779807692307693,0.9779807692307692,0.0045993589743589984,0.0072475526230186705,-0.27558722267952834
2,2,bio16,"Precipitation, wettest quarter",S: environmental suitability,0,0.9779807692307693,0.9779807692307692,0.0,0.0,
2,2,bio17,"Precipitation, driest quarter",S: environmental suitability,1,0.9779807692307693,0.9779807692307692,0.014919871794871824,0.023530909143446768,-0.4781098746961824
2,2,elevation,Elevation,S: environmental suitability,1,0.9779807692307693,0.9779807692307692,0.17572115384615383,0.047135296086293674,-0.553694873174844
2,2,A1_dist_waterway,Distance to waterway,A: waterway accessibility,1,0.9779807692307693,0.9779807692307692,0.0,0.0,
2,2,A2_waterway_order,Waterway order,A: waterway accessibility,1,0.9779807692307693,0.9779807692307692,0.00040705128205127395,0.001307585418092197,-0.4755619101311879
2,2,P1_pop_density,Population density,P: human-pressure proxy,1,0.9779807692307693,0.9779807692307692,0.004673076923076965,0.009804561504242072,0.42852383832724616
2,2,P2_dist_road,Distance to road,P: human-pressure proxy,0,0.9779807692307693,0.9779807692307692,0.0,0.0,
2,2,P3_road_density,Road density,P: human-pressure proxy,1,0.9779807692307693,0.9779807692307692,8.012820512825665e-05,0.00018445893712480416,0.004539791422595453
2,2,P4_dist_urban,Distance to urban area,P: human-pressure proxy,0,0.9779807692307693,0.9779807692307692,0.0,0.0,
2,3,bio01,Annual mean temperature,S: environmental suitability,0,0.8616666666666667,0.8616666666666667,0.0,0.0,
2,3,bio04,Temperature seasonality,S: environmental suitability,0,0.8616666666666667,0.8616666666666667,0.0,0.0,
2,3,bio07,Annual temperature range,S: environmental suitability,1,0.8616666666666667,0.8616666666666667,-0.07556944444444444,0.06647946864970064,0.05458808564567584
2,3,bio10,"Mean temperature, warmest quarter",S: environmental suitability,1,0.8616666666666667,0.8616666666666667,0.10980902777777782,0.038458267888823464,-0.2651522194710983
2,3,bio11,"Mean temperature, coldest quarter",S: environmental suitability,0,0.8616666666666667,0.8616666666666667,0.0,0.0,
2,3,bio12,Annual precipitation,S: environmental suitability,1,0.8616666666666667,0.8616666666666667,0.030687500000000013,0.06620397805106962,-0.7843536293694521
2,3,bio15,Precipitation seasonality,S: environmental suitability,1,0.8616666666666667,0.8616666666666667,-0.03262499999999998,0.025160423412626677,-0.8052764277066078
2,3,bio16,"Precipitation, wettest quarter",S: environmental suitability,0,0.8616666666666667,0.8616666666666667,0.0,0.0,
2,3,bio17,"Precipitation, driest quarter",S: environmental suitability,1,0.8616666666666667,0.8616666666666667,0.08336111111111112,0.04323784420278038,-0.5725511980948313
2,3,elevation,Elevation,S: environmental suitability,0,0.8616666666666667,0.8616666666666667,0.0,0.0,
2,3,A1_dist_waterway,Distance to waterway,A: waterway accessibility,1,0.8616666666666667,0.8616666666666667,-0.01010069444444442,0.00575591888051947,0.0459073356585758
2,3,A2_waterway_order,Waterway order,A: waterway accessibility,1,0.8616666666666667,0.8616666666666667,0.0017048611111111223,0.02027091928709319,0.4837239105602765
2,3,P1_pop_density,Population density,P: human-pressure proxy,1,0.8616666666666667,0.8616666666666667,-0.042302083333333296,0.021569423591240047,-0.2789408299029266
2,3,P2_dist_road,Distance to road,P: human-pressure proxy,0,0.8616666666666667,0.8616666666666667,0.0,0.0,
2,3,P3_road_density,Road density,P: human-pressure proxy,1,0.8616666666666667,0.8616666666666667,0.004972222222222234,0.009725326214683933,0.6951744325730767
2,3,P4_dist_urban,Distance to urban area,P: human-pressure proxy,1,0.8616666666666667,0.8616666666666667,-0.04554513888888887,0.02424364249990268,0.7409150402048232
3,1,bio01,Annual mean temperature,S: environmental suitability,0,0.8316346153846155,0.8316346153846155,0.0,0.0,
3,1,bio04,Temperature seasonality,S: environmental suitability,1,0.8316346153846155,0.8316346153846155,0.1728205128205129,0.05650753190472687,-0.505730635765552
3,1,bio07,Annual temperature range,S: environmental suitability,0,0.8316346153846155,0.8316346153846155,0.0,0.0,
3,1,bio10,"Mean temperature, warmest quarter",S: environmental suitability,1,0.8316346153846155,0.8316346153846155,0.010554487179487263,0.006283320974777529,0.6036317389656062
3,1,bio11,"Mean temperature, coldest quarter",S: environmental suitability,0,0.8316346153846155,0.8316346153846155,0.0,0.0,
3,1,bio12,Annual precipitation,S: environmental suitability,0,0.8316346153846155,0.8316346153846155,0.0,0.0,
3,1,bio15,Precipitation seasonality,S: environmental suitability,1,0.8316346153846155,0.8316346153846155,-0.022807692307692237,0.0968884077862727,0.8426113957090147
3,1,bio16,"Precipitation, wettest quarter",S: environmental suitability,1,0.8316346153846155,0.8316346153846155,0.10447435897435908,0.015437481003870318,0.46678484233663226
3,1,bio17,"Precipitation, driest quarter",S: environmental suitability,0,0.8316346153846155,0.8316346153846155,0.0,0.0,
3,1,elevation,Elevation,S: environmental suitability,0,0.8316346153846155,0.8316346153846155,0.0,0.0,
3,1,A1_dist_waterway,Distance to waterway,A: waterway accessibility,0,0.8316346153846155,0.8316346153846155,0.0,0.0,
3,1,A2_waterway_order,Waterway order,A: waterway accessibility,1,0.8316346153846155,0.8316346153846155,0.0200929487179488,0.013967935188239255,0.6263033346397452
3,1,P1_pop_density,Population density,P: human-pressure proxy,1,0.8316346153846155,0.8316346153846155,0.0483878205128206,0.05400733516250509,0.44661351439932007
3,1,P2_dist_road,Distance to road,P: human-pressure proxy,0,0.8316346153846155,0.8316346153846155,0.0,0.0,
3,1,P3_road_density,Road density,P: human-pressure proxy,1,0.8316346153846155,0.8316346153846155,0.005125000000000105,0.002125156445420726,0.9000148870356102
3,1,P4_dist_urban,Distance to urban area,P: human-pressure proxy,1,0.8316346153846155,0.8316346153846155,0.02873076923076932,0.04041581623344403,-0.12305304295675328
3,2,bio01,Annual mean temperature,S: environmental suitability,0,0.9370192307692308,0.9370192307692308,0.0,0.0,
3,2,bio04,Temperature seasonality,S: environmental suitability,0,0.9370192307692308,0.9370192307692308,0.0,0.0,
3,2,bio07,Annual temperature range,S: environmental suitability,1,0.9370192307692308,0.9370192307692308,0.0645673076923077,0.05164261842460121,-0.4645749266137327
3,2,bio10,"Mean temperature, warmest quarter",S: environmental suitability,1,0.9370192307692308,0.9370192307692308,0.014689102564102574,0.060201880003521516,0.6575564230332851
3,2,bio11,"Mean temperature, coldest quarter",S: environmental suitability,0,0.9370192307692308,0.9370192307692308,0.0,0.0,
3,2,bio12,Annual precipitation,S: environmental suitability,1,0.9370192307692308,0.9370192307692308,0.015762820512820526,0.037068306642488925,-0.2052305025775106
3,2,bio15,Precipitation seasonality,S: environmental suitability,1,0.9370192307692308,0.9370192307692308,0.0013589743589743557,0.010682403511187417,-0.12678707336736872
3,2,bio16,"Precipitation, wettest quarter",S: environmental suitability,0,0.9370192307692308,0.9370192307692308,0.0,0.0,
3,2,bio17,"Precipitation, driest quarter",S: environmental suitability,1,0.9370192307692308,0.9370192307692308,0.004653846153846149,0.057221543549770784,0.4030419910155818
3,2,elevation,Elevation,S: environmental suitability,1,0.9370192307692308,0.9370192307692308,0.12361538461538461,0.07309195016383295,-0.6943035674221552
3,2,A1_dist_waterway,Distance to waterway,A: waterway accessibility,1,0.9370192307692308,0.9370192307692308,0.0,0.0,
3,2,A2_waterway_order,Waterway order,A: waterway accessibility,1,0.9370192307692308,0.9370192307692308,0.004256410256410255,0.008484009941211734,0.7989119467482563
3,2,P1_pop_density,Population density,P: human-pressure proxy,1,0.9370192307692308,0.9370192307692308,0.04973397435897438,0.07353576223727158,0.724459423736983
3,2,P2_dist_road,Distance to road,P: human-pressure proxy,0,0.9370192307692308,0.9370192307692308,0.0,0.0,
3,2,P3_road_density,Road density,P: human-pressure proxy,1,0.9370192307692308,0.9370192307692308,6.410256410253427e-06,0.0014320789961149581,0.7316059431154972
3,2,P4_dist_urban,Distance to urban area,P: human-pressure proxy,0,0.9370192307692308,0.9370192307692308,0.0,0.0,
3,3,bio01,Annual mean temperature,S: environmental suitability,0,0.8212499999999999,0.8212499999999999,0.0,0.0,
3,3,bio04,Temperature seasonality,S: environmental suitability,0,0.8212499999999999,0.8212499999999999,0.0,0.0,
3,3,bio07,Annual temperature range,S: environmental suitability,1,0.8212499999999999,0.8212499999999999,0.24312847222222214,0.12762137834296158,-0.601360553440125
3,3,bio10,"Mean temperature, warmest quarter",S: environmental suitability,1,0.8212499999999999,0.8212499999999999,0.13642361111111104,0.0554152797231232,0.7425989585198435
3,3,bio11,"Mean temperature, coldest quarter",S: environmental suitability,0,0.8212499999999999,0.8212499999999999,0.0,0.0,
3,3,bio12,Annual precipitation,S: environmental suitability,1,0.8212499999999999,0.8212499999999999,0.05907986111111103,0.034477030676721414,-0.773898782336692
3,3,bio15,Precipitation seasonality,S: environmental suitability,1,0.8212499999999999,0.8212499999999999,0.11139236111111102,0.01873633080356146,-0.22278662393137053
3,3,bio16,"Precipitation, wettest quarter",S: environmental suitability,0,0.8212499999999999,0.8212499999999999,0.0,0.0,
3,3,bio17,"Precipitation, driest quarter",S: environmental suitability,1,0.8212499999999999,0.8212499999999999,-0.006534722222222281,0.023525601920289598,0.6988536243001995
3,3,elevation,Elevation,S: environmental suitability,0,0.8212499999999999,0.8212499999999999,0.0,0.0,
3,3,A1_dist_waterway,Distance to waterway,A: waterway accessibility,1,0.8212499999999999,0.8212499999999999,-0.04002083333333341,0.011875433039125168,0.8328014114313284
3,3,A2_waterway_order,Waterway order,A: waterway accessibility,1,0.8212499999999999,0.8212499999999999,-0.02994444444444451,0.014841099347267548,-0.7710250257747477
3,3,P1_pop_density,Population density,P: human-pressure proxy,1,0.8212499999999999,0.8212499999999999,0.0411527777777777,0.012433042436236701,-0.5448971138034564
3,3,P2_dist_road,Distance to road,P: human-pressure proxy,0,0.8212499999999999,0.8212499999999999,0.0,0.0,
3,3,P3_road_density,Road density,P: human-pressure proxy,1,0.8212499999999999,0.8212499999999999,-0.0014791666666667388,0.004033880553659242,-0.44598034131298325
3,3,P4_dist_urban,Distance to urban area,P: human-pressure proxy,0,0.8212499999999999,0.8212499999999999,0.0,0.0,
4,1,bio01,Annual mean temperature,S: environmental suitability,0,0.8175,0.8175,0.0,0.0,
4,1,bio04,Temperature seasonality,S: environmental suitability,0,0.8175,0.8175,0.0,0.0,
4,1,bio07,Annual temperature range,S: environmental suitability,1,0.8175,0.8175,0.00975320512820513,0.24204033178190243,0.3085229869821285
4,1,bio10,"Mean temperature, warmest quarter",S: environmental suitability,1,0.8175,0.8175,0.028874999999999987,0.022158412611608662,0.49851820265009933
4,1,bio11,"Mean temperature, coldest quarter",S: environmental suitability,0,0.8175,0.8175,0.0,0.0,
4,1,bio12,Annual precipitation,S: environmental suitability,0,0.8175,0.8175,0.0,0.0,
4,1,bio15,Precipitation seasonality,S: environmental suitability,1,0.8175,0.8175,-0.0005993589743589656,0.007971769599651516,-0.34367224291128573
4,1,bio16,"Precipitation, wettest quarter",S: environmental suitability,0,0.8175,0.8175,0.0,0.0,
4,1,bio17,"Precipitation, driest quarter",S: environmental suitability,1,0.8175,0.8175,0.000205128205128217,0.0016934497742470468,-0.21210891255848696
4,1,elevation,Elevation,S: environmental suitability,0,0.8175,0.8175,0.0,0.0,
4,1,A1_dist_waterway,Distance to waterway,A: waterway accessibility,1,0.8175,0.8175,0.0014711538461538573,0.01104465372648563,-0.9649214267750988
4,1,A2_waterway_order,Waterway order,A: waterway accessibility,1,0.8175,0.8175,0.013628205128205098,0.03304699695187564,0.9169623337428278
4,1,P1_pop_density,Population density,P: human-pressure proxy,1,0.8175,0.8175,0.053865384615384614,0.044111754139669335,0.9322264021556672
4,1,P2_dist_road,Distance to road,P: human-pressure proxy,0,0.8175,0.8175,0.0,0.0,
4,1,P3_road_density,Road density,P: human-pressure proxy,1,0.8175,0.8175,0.000897435897435909,0.004247069014910906,0.9481446345771699
4,1,P4_dist_urban,Distance to urban area,P: human-pressure proxy,1,0.8175,0.8175,0.032676282051282056,0.058840784100277994,-0.964322547829554
4,2,bio01,Annual mean temperature,S: environmental suitability,0,0.6996153846153846,0.6996153846153846,0.0,0.0,
4,2,bio04,Temperature seasonality,S: environmental suitability,1,0.6996153846153846,0.6996153846153846,0.04663782051282052,0.032270256590974454,0.8122895888988504
4,2,bio07,Annual temperature range,S: environmental suitability,0,0.6996153846153846,0.6996153846153846,0.0,0.0,
4,2,bio10,"Mean temperature, warmest quarter",S: environmental suitability,1,0.6996153846153846,0.6996153846153846,0.021509615384615408,0.02329462383062144,0.66998932331613
4,2,bio11,"Mean temperature, coldest quarter",S: environmental suitability,0,0.6996153846153846,0.6996153846153846,0.0,0.0,
4,2,bio12,Annual precipitation,S: environmental suitability,1,0.6996153846153846,0.6996153846153846,-0.13430128205128206,0.042634921145314864,0.6638606941058744
4,2,bio15,Precipitation seasonality,S: environmental suitability,1,0.6996153846153846,0.6996153846153846,0.02325320512820515,0.016734607589607466,-0.18111932982398407
4,2,bio16,"Precipitation, wettest quarter",S: environmental suitability,0,0.6996153846153846,0.6996153846153846,0.0,0.0,
4,2,bio17,"Precipitation, driest quarter",S: environmental suitability,1,0.6996153846153846,0.6996153846153846,-0.08470512820512818,0.14938155771040915,0.2653524683051272
4,2,elevation,Elevation,S: environmental suitability,0,0.6996153846153846,0.6996153846153846,0.0,0.0,
4,2,A1_dist_waterway,Distance to waterway,A: waterway accessibility,1,0.6996153846153846,0.6996153846153846,0.0032339743589743747,0.0013276785565352145,-0.4263755332027941
4,2,A2_waterway_order,Waterway order,A: waterway accessibility,1,0.6996153846153846,0.6996153846153846,0.09364743589743589,0.015786075773424977,0.35378475429747847
4,2,P1_pop_density,Population density,P: human-pressure proxy,1,0.6996153846153846,0.6996153846153846,-0.0003205128205128305,0.014585944625128189,-0.4778223595916085
4,2,P2_dist_road,Distance to road,P: human-pressure proxy,0,0.6996153846153846,0.6996153846153846,0.0,0.0,
4,2,P3_road_density,Road density,P: human-pressure proxy,1,0.6996153846153846,0.6996153846153846,8.333333333331676e-05,0.0032678420263147186,0.36257701318343366
4,2,P4_dist_urban,Distance to urban area,P: human-pressure proxy,1,0.6996153846153846,0.6996153846153846,0.0039006410256410347,0.004726894894509664,0.2062850940624194
4,3,bio01,Annual mean temperature,S: environmental suitability,0,0.9975,0.9975,0.0,0.0,
4,3,bio04,Temperature seasonality,S: environmental suitability,1,0.9975,0.9975,0.0001701388888889192,0.08723040629425746,0.36073671311794514
4,3,bio07,Annual temperature range,S: environmental suitability,1,0.9975,0.9975,0.0022430555555555992,0.1025030621202144,-0.2088263170676051
4,3,bio10,"Mean temperature, warmest quarter",S: environmental suitability,0,0.9975,0.9975,0.0,0.0,
4,3,bio11,"Mean temperature, coldest quarter",S: environmental suitability,1,0.9975,0.9975,-0.0015868055555555113,0.029976077711700987,0.2971128846318582
4,3,bio12,Annual precipitation,S: environmental suitability,1,0.9975,0.9975,-7.638888888883792e-05,0.040433492255044994,0.2557089888911846
4,3,bio15,Precipitation seasonality,S: environmental suitability,1,0.9975,0.9975,-0.000364583333333283,0.041878237095748644,0.9028427857523792
4,3,bio16,"Precipitation, wettest quarter",S: environmental suitability,0,0.9975,0.9975,0.0,0.0,
4,3,bio17,"Precipitation, driest quarter",S: environmental suitability,1,0.9975,0.9975,-0.0002361111111110851,0.07660718564359816,-0.27865296144130586
4,3,elevation,Elevation,S: environmental suitability,1,0.9975,0.9975,0.02577430555555561,0.06488429865269696,-0.8606323544469026
4,3,A1_dist_waterway,Distance to waterway,A: waterway accessibility,1,0.9975,0.9975,-3.1249999999949375e-05,0.0035109428072860466,0.6071592493808556
4,3,A2_waterway_order,Waterway order,A: waterway accessibility,1,0.9975,0.9975,4.513888888894405e-05,0.00637697416718987,0.36276263565552025
4,3,P1_pop_density,Population density,P: human-pressure proxy,1,0.9975,0.9975,0.014732638888888943,0.03888051283087472,0.4316971103526957
4,3,P2_dist_road,Distance to road,P: human-pressure proxy,0,0.9975,0.9975,0.0,0.0,
4,3,P3_road_density,Road density,P: human-pressure proxy,1,0.9975,0.9975,-3.472222222174655e-06,0.0012767920275936783,0.24930573640303488
4,3,P4_dist_urban,Distance to urban area,P: human-pressure proxy,0,0.9975,0.9975,0.0,0.0,
5,1,bio01,Annual mean temperature,S: environmental suitability,0,0.8439423076923078,0.8439423076923078,0.0,0.0,
5,1,bio04,Temperature seasonality,S: environmental suitability,1,0.8439423076923078,0.8439423076923078,0.00541666666666681,0.08418277297481994,0.011417380775808193
5,1,bio07,Annual temperature range,S: environmental suitability,1,0.8439423076923078,0.8439423076923078,0.01257051282051295,0.3310718496558112,-0.015037749775301682
5,1,bio10,"Mean temperature, warmest quarter",S: environmental suitability,1,0.8439423076923078,0.8439423076923078,0.010673076923077052,0.028413890737197807,0.08564484887490535
5,1,bio11,"Mean temperature, coldest quarter",S: environmental suitability,0,0.8439423076923078,0.8439423076923078,0.0,0.0,
5,1,bio12,Annual precipitation,S: environmental suitability,0,0.8439423076923078,0.8439423076923078,0.0,0.0,
5,1,bio15,Precipitation seasonality,S: environmental suitability,1,0.8439423076923078,0.8439423076923078,-0.0012243589743588523,0.00921406784635112,-0.473022903534275
5,1,bio16,"Precipitation, wettest quarter",S: environmental suitability,0,0.8439423076923078,0.8439423076923078,0.0,0.0,
5,1,bio17,"Precipitation, driest quarter",S: environmental suitability,1,0.8439423076923078,0.8439423076923078,-0.0002596153846152601,0.015471517553788262,0.2486366878497402
5,1,elevation,Elevation,S: environmental suitability,0,0.8439423076923078,0.8439423076923078,0.0,0.0,
5,1,A1_dist_waterway,Distance to waterway,A: waterway accessibility,1,0.8439423076923078,0.8439423076923078,-0.00020192307692293483,0.011337093666585673,-0.8777977306271794
5,1,A2_waterway_order,Waterway order,A: waterway accessibility,1,0.8439423076923078,0.8439423076923078,0.018926282051282186,0.03537813365657691,0.8917314787620275
5,1,P1_pop_density,Population density,P: human-pressure proxy,1,0.8439423076923078,0.8439423076923078,0.018791666666666793,0.036303834215013625,0.8337808557387962
5,1,P2_dist_road,Distance to road,P: human-pressure proxy,0,0.8439423076923078,0.8439423076923078,0.0,0.0,
5,1,P3_road_density,Road density,P: human-pressure proxy,1,0.8439423076923078,0.8439423076923078,-0.0003301282051280626,0.002829743421862378,0.9236648381005996
5,1,P4_dist_urban,Distance to urban area,P: human-pressure proxy,1,0.8439423076923078,0.8439423076923078,0.0518942307692309,0.07252662332368341,-0.7705073434874575
5,2,bio01,Annual mean temperature,S: environmental suitability,0,0.8405754550792719,0.8405754550792719,0.0,0.0,
5,2,bio04,Temperature seasonality,S: environmental suitability,0,0.8405754550792719,0.8405754550792719,0.0,0.0,
5,2,bio07,Annual temperature range,S: environmental suitability,1,0.8405754550792719,0.8405754550792719,0.15571540418868668,0.0886606733615596,-0.5047643661843639
5,2,bio10,"Mean temperature, warmest quarter",S: environmental suitability,1,0.8405754550792719,0.8405754550792719,0.04126378286683631,0.03057919448948546,0.8799957465972325
5,2,bio11,"Mean temperature, coldest quarter",S: environmental suitability,0,0.8405754550792719,0.8405754550792719,0.0,0.0,
5,2,bio12,Annual precipitation,S: environmental suitability,1,0.8405754550792719,0.8405754550792719,0.0277516800417564,0.05760387325426792,-0.6959356649043946
5,2,bio15,Precipitation seasonality,S: environmental suitability,1,0.8405754550792719,0.8405754550792719,-0.011890780974750433,0.02691302546997148,0.8207605965371844
5,2,bio16,"Precipitation, wettest quarter",S: environmental suitability,0,0.8405754550792719,0.8405754550792719,0.0,0.0,
5,2,bio17,"Precipitation, driest quarter",S: environmental suitability,1,0.8405754550792719,0.8405754550792719,0.017723624975533373,0.07709106873724403,0.8046569013255052
5,2,elevation,Elevation,S: environmental suitability,0,0.8405754550792719,0.8405754550792719,0.0,0.0,
5,2,A1_dist_waterway,Distance to waterway,A: waterway accessibility,1,0.8405754550792719,0.8405754550792719,-0.0001826841521498072,0.0026925688552407946,0.8964393551857452
5,2,A2_waterway_order,Waterway order,A: waterway accessibility,1,0.8405754550792719,0.8405754550792719,0.02858680759444117,0.02032685564519971,0.45565078873318615
5,2,P1_pop_density,Population density,P: human-pressure proxy,1,0.8405754550792719,0.8405754550792719,0.03453056697331504,0.02087742597170891,-0.4412784771495923
5,2,P2_dist_road,Distance to road,P: human-pressure proxy,0,0.8405754550792719,0.8405754550792719,0.0,0.0,
5,2,P3_road_density,Road density,P: human-pressure proxy,1,0.8405754550792719,0.8405754550792719,-0.0007731454296340146,0.0011068683183636226,0.6736453869312173
5,2,P4_dist_urban,Distance to urban area,P: human-pressure proxy,0,0.8405754550792719,0.8405754550792719,0.0,0.0,
5,3,bio01,Annual mean temperature,S: environmental suitability,0,0.994375,0.994375,0.0,0.0,
5,3,bio04,Temperature seasonality,S: environmental suitability,1,0.994375,0.994375,0.005243055555555583,0.017910893450080925,-0.2000791598739186
5,3,bio07,Annual temperature range,S: environmental suitability,1,0.994375,0.994375,0.00950694444444445,0.152032385448948,0.07763750028241019
5,3,bio10,"Mean temperature, warmest quarter",S: environmental suitability,0,0.994375,0.994375,0.0,0.0,
5,3,bio11,"Mean temperature, coldest quarter",S: environmental suitability,1,0.994375,0.994375,0.01607986111111113,0.10881324127983352,0.40769106981204506
5,3,bio12,Annual precipitation,S: environmental suitability,1,0.994375,0.994375,0.0009444444444444367,0.022869852270452337,-0.8083989568072703
5,3,bio15,Precipitation seasonality,S: environmental suitability,1,0.994375,0.994375,0.0023055555555555607,0.01605808037135049,-0.8838030767743447
5,3,bio16,"Precipitation, wettest quarter",S: environmental suitability,0,0.994375,0.994375,0.0,0.0,
5,3,bio17,"Precipitation, driest quarter",S: environmental suitability,1,0.994375,0.994375,-0.0008263888888888775,0.008287997367843976,0.034579547605984064
5,3,elevation,Elevation,S: environmental suitability,1,0.994375,0.994375,0.009152777777777803,0.07787747138312624,-0.8038059847452423
5,3,A1_dist_waterway,Distance to waterway,A: waterway accessibility,1,0.994375,0.994375,0.00045138888888891505,0.004972159185587242,-0.8661525831328456
5,3,A2_waterway_order,Waterway order,A: waterway accessibility,1,0.994375,0.994375,0.0024513888888889096,0.03989113481449187,0.8643627374194708
5,3,P1_pop_density,Population density,P: human-pressure proxy,1,0.994375,0.994375,0.0026875000000000132,0.06373208346565806,0.9190366228203752
5,3,P2_dist_road,Distance to road,P: human-pressure proxy,0,0.994375,0.994375,0.0,0.0,
5,3,P3_road_density,Road density,P: human-pressure proxy,1,0.994375,0.994375,0.00011805555555558142,0.003911199628563236,-0.43754306528821607
5,3,P4_dist_urban,Distance to urban area,P: human-pressure proxy,0,0.994375,0.994375,0.0,0.0,
