algo,feat_set,pa_method,bin_midpoint,mean_pred,mean_obs,n_pts
MXN,M_S,random,0.05,0.0193,0.0052,1743
MXN,M_S,random,0.15,0.1431,0.0,365
MXN,M_S,random,0.25,0.2485,0.0164,244
MXN,M_S,random,0.35,0.353,0.0144,208
MXN,M_S,random,0.45,0.4511,0.0392,306
MXN,M_S,random,0.55,0.5538,0.0186,323
MXN,M_S,random,0.65,0.6506,0.0504,357
MXN,M_S,random,0.75,0.7492,0.0824,364
MXN,M_S,random,0.85,0.8584,0.0381,473
MXN,M_S,random,0.95,0.9724,0.052,1711
MXN,M_S,spatial_constrained,0.05,0.0192,0.0033,2422
MXN,M_S,spatial_constrained,0.15,0.1428,0.0071,420
MXN,M_S,spatial_constrained,0.25,0.2504,0.0252,278
MXN,M_S,spatial_constrained,0.35,0.3489,0.0252,238
MXN,M_S,spatial_constrained,0.45,0.45,0.0246,244
MXN,M_S,spatial_constrained,0.55,0.5495,0.0227,220
MXN,M_S,spatial_constrained,0.65,0.6494,0.0919,185
MXN,M_S,spatial_constrained,0.75,0.7521,0.0842,202
MXN,M_S,spatial_constrained,0.85,0.8529,0.1943,283
MXN,M_S,spatial_constrained,0.95,0.9817,0.0396,1566
MXN,M_S,two_step,0.05,0.0199,0.0043,1632
MXN,M_S,two_step,0.15,0.1464,0.0043,235
MXN,M_S,two_step,0.25,0.2524,0.0111,180
MXN,M_S,two_step,0.35,0.3468,0.0428,187
MXN,M_S,two_step,0.45,0.449,0.0142,212
MXN,M_S,two_step,0.55,0.5486,0.0133,225
MXN,M_S,two_step,0.65,0.649,0.027,259
MXN,M_S,two_step,0.75,0.7548,0.0585,325
MXN,M_S,two_step,0.85,0.8541,0.0598,535
MXN,M_S,two_step,0.95,0.9692,0.0465,2321
MXN,M_S,uncertainty_zone,0.05,0.0156,0.0031,2880
MXN,M_S,uncertainty_zone,0.15,0.1448,0.0169,593
MXN,M_S,uncertainty_zone,0.25,0.2469,0.0106,379
MXN,M_S,uncertainty_zone,0.35,0.3457,0.0423,331
MXN,M_S,uncertainty_zone,0.45,0.4756,0.0315,731
MXN,M_S,uncertainty_zone,0.55,0.5478,0.0429,233
MXN,M_S,uncertainty_zone,0.65,0.6527,0.1235,251
MXN,M_S,uncertainty_zone,0.75,0.7506,0.1172,128
MXN,M_S,uncertainty_zone,0.85,0.8503,0.2077,130
MXN,M_S,uncertainty_zone,0.95,0.9785,0.1051,428
MXN,M_SA,random,0.05,0.0182,0.0029,2058
MXN,M_SA,random,0.15,0.15,0.0026,379
MXN,M_SA,random,0.25,0.2479,0.0084,239
MXN,M_SA,random,0.35,0.3577,0.0113,353
MXN,M_SA,random,0.45,0.4513,0.0087,343
MXN,M_SA,random,0.55,0.5494,0.0197,304
MXN,M_SA,random,0.65,0.6475,0.0761,276
MXN,M_SA,random,0.75,0.7469,0.0483,373
MXN,M_SA,random,0.85,0.8489,0.0747,308
MXN,M_SA,random,0.95,0.9812,0.0717,1479
MXN,M_SA,spatial_constrained,0.05,0.0153,0.0019,2620
MXN,M_SA,spatial_constrained,0.15,0.1458,0.0124,322
MXN,M_SA,spatial_constrained,0.25,0.2466,0.0137,219
MXN,M_SA,spatial_constrained,0.35,0.3457,0.0172,232
MXN,M_SA,spatial_constrained,0.45,0.4513,0.0155,193
MXN,M_SA,spatial_constrained,0.55,0.5485,0.0123,162
MXN,M_SA,spatial_constrained,0.65,0.6528,0.0625,224
MXN,M_SA,spatial_constrained,0.75,0.7532,0.06,433
MXN,M_SA,spatial_constrained,0.85,0.848,0.0865,555
MXN,M_SA,spatial_constrained,0.95,0.9724,0.0708,1116
MXN,M_SA,two_step,0.05,0.0183,0.0007,1349
MXN,M_SA,two_step,0.15,0.1579,0.0032,313
MXN,M_SA,two_step,0.25,0.2507,0.0,466
MXN,M_SA,two_step,0.35,0.3461,0.0044,226
MXN,M_SA,two_step,0.45,0.4586,0.0143,349
MXN,M_SA,two_step,0.55,0.5527,0.0387,155
MXN,M_SA,two_step,0.65,0.6547,0.0318,346
MXN,M_SA,two_step,0.75,0.7592,0.0782,435
MXN,M_SA,two_step,0.85,0.8526,0.0462,520
MXN,M_SA,two_step,0.95,0.9794,0.0529,2024
MXN,M_SA,uncertainty_zone,0.05,0.0146,0.001,2872
MXN,M_SA,uncertainty_zone,0.15,0.1473,0.012,500
MXN,M_SA,uncertainty_zone,0.25,0.2519,0.0281,427
MXN,M_SA,uncertainty_zone,0.35,0.3426,0.024,458
MXN,M_SA,uncertainty_zone,0.45,0.4787,0.0506,632
MXN,M_SA,uncertainty_zone,0.55,0.549,0.0703,185
MXN,M_SA,uncertainty_zone,0.65,0.6509,0.0789,152
MXN,M_SA,uncertainty_zone,0.75,0.7554,0.0947,169
MXN,M_SA,uncertainty_zone,0.85,0.8487,0.1509,232
MXN,M_SA,uncertainty_zone,0.95,0.9855,0.1046,478
MXN,M_SAP,random,0.05,0.0177,0.0004,2356
MXN,M_SAP,random,0.15,0.1491,0.0026,389
MXN,M_SAP,random,0.25,0.2474,0.007,287
MXN,M_SAP,random,0.35,0.3496,0.0082,364
MXN,M_SAP,random,0.45,0.4484,0.0091,329
MXN,M_SAP,random,0.55,0.5505,0.028,322
MXN,M_SAP,random,0.65,0.6512,0.0285,281
MXN,M_SAP,random,0.75,0.7529,0.0605,397
MXN,M_SAP,random,0.85,0.8505,0.109,376
MXN,M_SAP,random,0.95,0.9737,0.0963,1018
MXN,M_SAP,spatial_constrained,0.05,0.0107,0.001,2949
MXN,M_SAP,spatial_constrained,0.15,0.1484,0.0216,232
MXN,M_SAP,spatial_constrained,0.25,0.2482,0.005,200
MXN,M_SAP,spatial_constrained,0.35,0.3518,0.0267,187
MXN,M_SAP,spatial_constrained,0.45,0.4491,0.0235,170
MXN,M_SAP,spatial_constrained,0.55,0.5492,0.04,200
MXN,M_SAP,spatial_constrained,0.65,0.6536,0.0293,205
MXN,M_SAP,spatial_constrained,0.75,0.7556,0.0629,318
MXN,M_SAP,spatial_constrained,0.85,0.8517,0.1146,419
MXN,M_SAP,spatial_constrained,0.95,0.9784,0.0708,1243
MXN,M_SAP,two_step,0.05,0.0165,0.0,1504
MXN,M_SAP,two_step,0.15,0.1513,0.0039,507
MXN,M_SAP,two_step,0.25,0.2459,0.0036,274
MXN,M_SAP,two_step,0.35,0.3523,0.008,251
MXN,M_SAP,two_step,0.45,0.4565,0.0302,199
MXN,M_SAP,two_step,0.55,0.5599,0.0097,309
MXN,M_SAP,two_step,0.65,0.6517,0.0288,278
MXN,M_SAP,two_step,0.75,0.7546,0.0526,323
MXN,M_SAP,two_step,0.85,0.8527,0.0559,429
MXN,M_SAP,two_step,0.95,0.9834,0.0593,2107
MXN,M_SAP,uncertainty_zone,0.05,0.0114,0.0005,2147
MXN,M_SAP,uncertainty_zone,0.15,0.1525,0.0068,293
MXN,M_SAP,uncertainty_zone,0.25,0.2503,0.0156,321
MXN,M_SAP,uncertainty_zone,0.35,0.3501,0.046,326
MXN,M_SAP,uncertainty_zone,0.45,0.4672,0.0207,916
MXN,M_SAP,uncertainty_zone,0.55,0.5466,0.0367,300
MXN,M_SAP,uncertainty_zone,0.65,0.6475,0.0723,401
MXN,M_SAP,uncertainty_zone,0.75,0.7399,0.2216,167
MXN,M_SAP,uncertainty_zone,0.85,0.8595,0.1221,131
MXN,M_SAP,uncertainty_zone,0.95,0.9872,0.0701,785
MXN,M_SP,random,0.05,0.0192,0.0008,2410
MXN,M_SP,random,0.15,0.1447,0.0073,411
MXN,M_SP,random,0.25,0.2485,0.0125,320
MXN,M_SP,random,0.35,0.3481,0.0032,310
MXN,M_SP,random,0.45,0.4478,0.0149,268
MXN,M_SP,random,0.55,0.5515,0.043,349
MXN,M_SP,random,0.65,0.6474,0.0634,363
MXN,M_SP,random,0.75,0.7494,0.0348,402
MXN,M_SP,random,0.85,0.8493,0.0675,385
MXN,M_SP,random,0.95,0.9786,0.1084,904
MXN,M_SP,spatial_constrained,0.05,0.0125,0.0007,2753
MXN,M_SP,spatial_constrained,0.15,0.142,0.0115,261
MXN,M_SP,spatial_constrained,0.25,0.2465,0.0183,219
MXN,M_SP,spatial_constrained,0.35,0.3511,0.0187,214
MXN,M_SP,spatial_constrained,0.45,0.4469,0.0249,201
MXN,M_SP,spatial_constrained,0.55,0.5493,0.0086,233
MXN,M_SP,spatial_constrained,0.65,0.652,0.042,238
MXN,M_SP,spatial_constrained,0.75,0.7509,0.0714,350
MXN,M_SP,spatial_constrained,0.85,0.8485,0.1144,402
MXN,M_SP,spatial_constrained,0.95,0.9799,0.0695,1251
MXN,M_SP,two_step,0.05,0.0151,0.0,1826
MXN,M_SP,two_step,0.15,0.1453,0.0035,285
MXN,M_SP,two_step,0.25,0.2476,0.0055,182
MXN,M_SP,two_step,0.35,0.3612,0.0,191
MXN,M_SP,two_step,0.45,0.4405,0.0068,292
MXN,M_SP,two_step,0.55,0.5444,0.0292,274
MXN,M_SP,two_step,0.65,0.6486,0.0645,217
MXN,M_SP,two_step,0.75,0.75,0.06,250
MXN,M_SP,two_step,0.85,0.8575,0.0399,351
MXN,M_SP,two_step,0.95,0.9793,0.0577,2306
MXN,M_SP,uncertainty_zone,0.05,0.0114,0.0026,3428
MXN,M_SP,uncertainty_zone,0.15,0.1462,0.0074,407
MXN,M_SP,uncertainty_zone,0.25,0.2489,0.012,334
MXN,M_SP,uncertainty_zone,0.35,0.3472,0.0354,226
MXN,M_SP,uncertainty_zone,0.45,0.4546,0.0485,227
MXN,M_SP,uncertainty_zone,0.55,0.5567,0.074,311
MXN,M_SP,uncertainty_zone,0.65,0.6395,0.0979,286
MXN,M_SP,uncertainty_zone,0.75,0.7552,0.0661,257
MXN,M_SP,uncertainty_zone,0.85,0.8387,0.0571,210
MXN,M_SP,uncertainty_zone,0.95,0.9855,0.1509,497
RF,M_S,random,0.05,0.0375,0.0047,1484
RF,M_S,random,0.15,0.1488,0.012,833
RF,M_S,random,0.25,0.2555,0.013,845
RF,M_S,random,0.35,0.3493,0.0178,561
RF,M_S,random,0.45,0.452,0.0354,254
RF,M_S,random,0.55,0.5512,0.0368,408
RF,M_S,random,0.65,0.6393,0.0483,476
RF,M_S,random,0.75,0.7585,0.0333,541
RF,M_S,random,0.85,0.8611,0.0997,622
RF,M_S,random,0.95,0.9384,0.1519,158
RF,M_S,spatial_constrained,0.05,0.0342,0.008,1000
RF,M_S,spatial_constrained,0.15,0.1546,0.0079,1008
RF,M_S,spatial_constrained,0.25,0.2494,0.0092,763
RF,M_S,spatial_constrained,0.35,0.3452,0.0123,651
RF,M_S,spatial_constrained,0.45,0.4429,0.0431,348
RF,M_S,spatial_constrained,0.55,0.5369,0.0461,586
RF,M_S,spatial_constrained,0.65,0.6622,0.0446,493
RF,M_S,spatial_constrained,0.75,0.7594,0.0534,918
RF,M_S,spatial_constrained,0.85,0.8606,0.25,152
RF,M_S,spatial_constrained,0.95,0.9642,0.0352,227
RF,M_S,two_step,0.05,0.022,0.0046,1298
RF,M_S,two_step,0.15,0.1635,0.0092,542
RF,M_S,two_step,0.25,0.2464,0.0129,309
RF,M_S,two_step,0.35,0.3606,0.0015,667
RF,M_S,two_step,0.45,0.4478,0.015,599
RF,M_S,two_step,0.55,0.5484,0.0181,497
RF,M_S,two_step,0.65,0.6571,0.0323,464
RF,M_S,two_step,0.75,0.748,0.0691,405
RF,M_S,two_step,0.85,0.8584,0.0425,918
RF,M_S,two_step,0.95,0.9423,0.1522,460
RF,M_S,uncertainty_zone,0.05,0.0336,0.0092,1631
RF,M_S,uncertainty_zone,0.15,0.1411,0.0098,1126
RF,M_S,uncertainty_zone,0.25,0.2438,0.0134,522
RF,M_S,uncertainty_zone,0.35,0.3532,0.0178,730
RF,M_S,uncertainty_zone,0.45,0.439,0.0468,918
RF,M_S,uncertainty_zone,0.55,0.5561,0.0572,437
RF,M_S,uncertainty_zone,0.65,0.6516,0.0987,233
RF,M_S,uncertainty_zone,0.75,0.7379,0.1652,115
RF,M_S,uncertainty_zone,0.85,0.8412,0.1857,70
RF,M_S,uncertainty_zone,0.95,0.9584,0.0524,401
RF,M_SA,random,0.05,0.0361,0.0057,1052
RF,M_SA,random,0.15,0.1455,0.0041,968
RF,M_SA,random,0.25,0.2512,0.0074,950
RF,M_SA,random,0.35,0.3444,0.0179,616
RF,M_SA,random,0.45,0.4528,0.019,422
RF,M_SA,random,0.55,0.5446,0.0533,375
RF,M_SA,random,0.65,0.6482,0.0214,654
RF,M_SA,random,0.75,0.7566,0.0742,485
RF,M_SA,random,0.85,0.8446,0.092,489
RF,M_SA,random,0.95,0.9195,0.2267,172
RF,M_SA,spatial_constrained,0.05,0.033,0.0063,1261
RF,M_SA,spatial_constrained,0.15,0.1459,0.002,1011
RF,M_SA,spatial_constrained,0.25,0.2451,0.017,529
RF,M_SA,spatial_constrained,0.35,0.3458,0.019,474
RF,M_SA,spatial_constrained,0.45,0.4532,0.0246,691
RF,M_SA,spatial_constrained,0.55,0.5484,0.045,400
RF,M_SA,spatial_constrained,0.65,0.6474,0.0553,597
RF,M_SA,spatial_constrained,0.75,0.751,0.0627,830
RF,M_SA,spatial_constrained,0.85,0.8381,0.125,264
RF,M_SA,spatial_constrained,0.95,0.9383,0.0714,126
RF,M_SA,two_step,0.05,0.0344,0.002,985
RF,M_SA,two_step,0.15,0.1453,0.0074,537
RF,M_SA,two_step,0.25,0.2388,0.0087,572
RF,M_SA,two_step,0.35,0.3377,0.0097,618
RF,M_SA,two_step,0.45,0.4463,0.009,445
RF,M_SA,two_step,0.55,0.5471,0.0272,809
RF,M_SA,two_step,0.65,0.6656,0.0124,565
RF,M_SA,two_step,0.75,0.7468,0.0319,439
RF,M_SA,two_step,0.85,0.8551,0.081,469
RF,M_SA,two_step,0.95,0.9461,0.1119,715
RF,M_SA,uncertainty_zone,0.05,0.0374,0.0073,1228
RF,M_SA,uncertainty_zone,0.15,0.1483,0.0112,896
RF,M_SA,uncertainty_zone,0.25,0.2512,0.003,1333
RF,M_SA,uncertainty_zone,0.35,0.3508,0.0285,806
RF,M_SA,uncertainty_zone,0.45,0.4527,0.0402,348
RF,M_SA,uncertainty_zone,0.55,0.5491,0.0231,477
RF,M_SA,uncertainty_zone,0.65,0.6528,0.0816,380
RF,M_SA,uncertainty_zone,0.75,0.7543,0.1135,326
RF,M_SA,uncertainty_zone,0.85,0.8504,0.1176,238
RF,M_SA,uncertainty_zone,0.95,0.9399,0.1523,151
RF,M_SAP,random,0.05,0.0322,0.0007,1471
RF,M_SAP,random,0.15,0.1442,0.0095,1056
RF,M_SAP,random,0.25,0.2538,0.0083,1087
RF,M_SAP,random,0.35,0.3356,0.0198,655
RF,M_SAP,random,0.45,0.4511,0.0485,309
RF,M_SAP,random,0.55,0.5486,0.0405,519
RF,M_SAP,random,0.65,0.6525,0.0643,389
RF,M_SAP,random,0.75,0.7471,0.0652,353
RF,M_SAP,random,0.85,0.844,0.212,217
RF,M_SAP,random,0.95,0.9467,0.1935,124
RF,M_SAP,spatial_constrained,0.05,0.0304,0.0013,1578
RF,M_SAP,spatial_constrained,0.15,0.1496,0.006,666
RF,M_SAP,spatial_constrained,0.25,0.2544,0.0122,574
RF,M_SAP,spatial_constrained,0.35,0.3487,0.0327,489
RF,M_SAP,spatial_constrained,0.45,0.4465,0.0269,483
RF,M_SAP,spatial_constrained,0.55,0.5708,0.0282,744
RF,M_SAP,spatial_constrained,0.65,0.648,0.0332,752
RF,M_SAP,spatial_constrained,0.75,0.7518,0.0986,497
RF,M_SAP,spatial_constrained,0.85,0.8427,0.1558,276
RF,M_SAP,spatial_constrained,0.95,0.9398,0.0806,124
RF,M_SAP,two_step,0.05,0.027,0.0,1325
RF,M_SAP,two_step,0.15,0.1438,0.006,836
RF,M_SAP,two_step,0.25,0.2525,0.0057,878
RF,M_SAP,two_step,0.35,0.352,0.0152,660
RF,M_SAP,two_step,0.45,0.4499,0.0446,381
RF,M_SAP,two_step,0.55,0.5392,0.0415,458
RF,M_SAP,two_step,0.65,0.6506,0.0482,415
RF,M_SAP,two_step,0.75,0.7496,0.0353,340
RF,M_SAP,two_step,0.85,0.8543,0.075,547
RF,M_SAP,two_step,0.95,0.9364,0.1754,342
RF,M_SAP,uncertainty_zone,0.05,0.0421,0.0015,1324
RF,M_SAP,uncertainty_zone,0.15,0.1503,0.009,1226
RF,M_SAP,uncertainty_zone,0.25,0.2513,0.0088,1696
RF,M_SAP,uncertainty_zone,0.35,0.3466,0.0356,898
RF,M_SAP,uncertainty_zone,0.45,0.4422,0.0565,496
RF,M_SAP,uncertainty_zone,0.55,0.5456,0.0916,273
RF,M_SAP,uncertainty_zone,0.65,0.6414,0.2821,156
RF,M_SAP,uncertainty_zone,0.75,0.7439,0.2338,77
RF,M_SAP,uncertainty_zone,0.85,0.8502,0.3714,35
RF,M_SAP,uncertainty_zone,0.95,0.9221,1.0,2
RF,M_SP,random,0.05,0.0337,0.0006,1800
RF,M_SP,random,0.15,0.1444,0.0059,682
RF,M_SP,random,0.25,0.2474,0.0165,972
RF,M_SP,random,0.35,0.3401,0.0259,463
RF,M_SP,random,0.45,0.4472,0.0371,673
RF,M_SP,random,0.55,0.5507,0.0358,531
RF,M_SP,random,0.65,0.6465,0.0759,369
RF,M_SP,random,0.75,0.7464,0.0721,402
RF,M_SP,random,0.85,0.8433,0.1741,201
RF,M_SP,random,0.95,0.9294,0.2333,90
RF,M_SP,spatial_constrained,0.05,0.0335,0.0012,1689
RF,M_SP,spatial_constrained,0.15,0.1418,0.0016,645
RF,M_SP,spatial_constrained,0.25,0.2525,0.0114,612
RF,M_SP,spatial_constrained,0.35,0.3458,0.0405,370
RF,M_SP,spatial_constrained,0.45,0.4446,0.0286,524
RF,M_SP,spatial_constrained,0.55,0.5501,0.0529,567
RF,M_SP,spatial_constrained,0.65,0.6573,0.0286,700
RF,M_SP,spatial_constrained,0.75,0.7537,0.0636,613
RF,M_SP,spatial_constrained,0.85,0.8376,0.1388,353
RF,M_SP,spatial_constrained,0.95,0.9465,0.1101,109
RF,M_SP,two_step,0.05,0.0367,0.0,1191
RF,M_SP,two_step,0.15,0.147,0.0,815
RF,M_SP,two_step,0.25,0.2419,0.0063,477
RF,M_SP,two_step,0.35,0.3651,0.0131,534
RF,M_SP,two_step,0.45,0.4544,0.0188,691
RF,M_SP,two_step,0.55,0.5414,0.0287,592
RF,M_SP,two_step,0.65,0.6491,0.0265,452
RF,M_SP,two_step,0.75,0.7529,0.0562,409
RF,M_SP,two_step,0.85,0.8479,0.07,514
RF,M_SP,two_step,0.95,0.9413,0.1538,507
RF,M_SP,uncertainty_zone,0.05,0.0395,0.001,1003
RF,M_SP,uncertainty_zone,0.15,0.1445,0.0046,1518
RF,M_SP,uncertainty_zone,0.25,0.2459,0.0167,837
RF,M_SP,uncertainty_zone,0.35,0.3562,0.0282,851
RF,M_SP,uncertainty_zone,0.45,0.4439,0.0364,852
RF,M_SP,uncertainty_zone,0.55,0.5464,0.0805,348
RF,M_SP,uncertainty_zone,0.65,0.6475,0.1172,239
RF,M_SP,uncertainty_zone,0.75,0.7496,0.0526,475
RF,M_SP,uncertainty_zone,0.85,0.8427,0.4222,45
RF,M_SP,uncertainty_zone,0.95,0.935,0.8667,15
XGB,M_S,random,0.05,0.0308,0.01,2008
XGB,M_S,random,0.15,0.1356,0.0038,784
XGB,M_S,random,0.25,0.2339,0.0104,1153
XGB,M_S,random,0.35,0.3474,0.025,160
XGB,M_S,random,0.45,0.4605,0.0062,323
XGB,M_S,random,0.55,0.5555,0.0049,204
XGB,M_S,random,0.65,0.6422,0.0459,109
XGB,M_S,random,0.75,0.7769,0.0333,420
XGB,M_S,random,0.85,0.8566,0.0744,618
XGB,M_S,random,0.95,0.9423,0.2054,404
XGB,M_S,spatial_constrained,0.05,0.0324,0.0086,2552
XGB,M_S,spatial_constrained,0.15,0.1487,0.0192,416
XGB,M_S,spatial_constrained,0.25,0.2272,0.0129,619
XGB,M_S,spatial_constrained,0.35,0.3407,0.0323,155
XGB,M_S,spatial_constrained,0.45,0.4568,0.0215,326
XGB,M_S,spatial_constrained,0.55,0.5452,0.0571,105
XGB,M_S,spatial_constrained,0.65,0.6602,0.0163,367
XGB,M_S,spatial_constrained,0.75,0.7482,0.1682,107
XGB,M_S,spatial_constrained,0.85,0.8575,0.0839,155
XGB,M_S,spatial_constrained,0.95,0.9488,0.0702,1381
XGB,M_S,two_step,0.05,0.0338,0.0058,1711
XGB,M_S,two_step,0.15,0.1407,0.013,997
XGB,M_S,two_step,0.25,0.2549,0.0,326
XGB,M_S,two_step,0.35,0.3386,0.0,155
XGB,M_S,two_step,0.45,0.4528,0.0123,162
XGB,M_S,two_step,0.55,0.5424,0.0,295
XGB,M_S,two_step,0.65,0.6611,0.005,200
XGB,M_S,two_step,0.75,0.7476,0.023,87
XGB,M_S,two_step,0.85,0.851,0.0498,642
XGB,M_S,two_step,0.95,0.9619,0.0808,1608
XGB,M_S,uncertainty_zone,0.05,0.0276,0.0088,3085
XGB,M_S,uncertainty_zone,0.15,0.1469,0.023,522
XGB,M_S,uncertainty_zone,0.25,0.2325,0.0096,519
XGB,M_S,uncertainty_zone,0.35,0.3391,0.0133,301
XGB,M_S,uncertainty_zone,0.45,0.4493,0.0439,114
XGB,M_S,uncertainty_zone,0.55,0.5208,0.0288,590
XGB,M_S,uncertainty_zone,0.65,0.6468,0.0222,225
XGB,M_S,uncertainty_zone,0.75,0.7525,0.0751,213
XGB,M_S,uncertainty_zone,0.85,0.864,0.1183,279
XGB,M_S,uncertainty_zone,0.95,0.9485,0.197,335
XGB,M_SA,random,0.05,0.0287,0.0054,2052
XGB,M_SA,random,0.15,0.1481,0.0062,644
XGB,M_SA,random,0.25,0.2458,0.0056,358
XGB,M_SA,random,0.35,0.3642,0.0142,281
XGB,M_SA,random,0.45,0.4544,0.0282,355
XGB,M_SA,random,0.55,0.5636,0.0205,391
XGB,M_SA,random,0.65,0.627,0.0102,489
XGB,M_SA,random,0.75,0.7341,0.0177,452
XGB,M_SA,random,0.85,0.8531,0.0533,619
XGB,M_SA,random,0.95,0.9512,0.1937,542
XGB,M_SA,spatial_constrained,0.05,0.0234,0.0081,2360
XGB,M_SA,spatial_constrained,0.15,0.1375,0.0121,577
XGB,M_SA,spatial_constrained,0.25,0.2376,0.0124,482
XGB,M_SA,spatial_constrained,0.35,0.3542,0.013,386
XGB,M_SA,spatial_constrained,0.45,0.4499,0.03,333
XGB,M_SA,spatial_constrained,0.55,0.5668,0.021,428
XGB,M_SA,spatial_constrained,0.65,0.6513,0.0623,273
XGB,M_SA,spatial_constrained,0.75,0.7602,0.0402,373
XGB,M_SA,spatial_constrained,0.85,0.8408,0.1019,206
XGB,M_SA,spatial_constrained,0.95,0.9487,0.1059,765
XGB,M_SA,two_step,0.05,0.0354,0.0036,1968
XGB,M_SA,two_step,0.15,0.1326,0.0082,490
XGB,M_SA,two_step,0.25,0.2409,0.0053,376
XGB,M_SA,two_step,0.35,0.3577,0.019,158
XGB,M_SA,two_step,0.45,0.4403,0.0087,230
XGB,M_SA,two_step,0.55,0.5763,0.0137,366
XGB,M_SA,two_step,0.65,0.6418,0.0294,170
XGB,M_SA,two_step,0.75,0.7539,0.0348,287
XGB,M_SA,two_step,0.85,0.8373,0.0234,471
XGB,M_SA,two_step,0.95,0.955,0.0846,1667
XGB,M_SA,uncertainty_zone,0.05,0.027,0.0059,3030
XGB,M_SA,uncertainty_zone,0.15,0.1351,0.0132,910
XGB,M_SA,uncertainty_zone,0.25,0.2442,0.0301,399
XGB,M_SA,uncertainty_zone,0.35,0.3338,0.0126,239
XGB,M_SA,uncertainty_zone,0.45,0.4392,0.0184,217
XGB,M_SA,uncertainty_zone,0.55,0.5689,0.0387,181
XGB,M_SA,uncertainty_zone,0.65,0.6535,0.0383,183
XGB,M_SA,uncertainty_zone,0.75,0.7549,0.0479,188
XGB,M_SA,uncertainty_zone,0.85,0.8346,0.1188,463
XGB,M_SA,uncertainty_zone,0.95,0.951,0.1689,373
XGB,M_SAP,random,0.05,0.0323,0.0026,2700
XGB,M_SAP,random,0.15,0.1345,0.0111,631
XGB,M_SAP,random,0.25,0.2676,0.0145,551
XGB,M_SAP,random,0.35,0.3507,0.0511,137
XGB,M_SAP,random,0.45,0.435,0.0228,307
XGB,M_SAP,random,0.55,0.5273,0.0266,488
XGB,M_SAP,random,0.65,0.653,0.0479,146
XGB,M_SAP,random,0.75,0.7493,0.0273,293
XGB,M_SAP,random,0.85,0.8518,0.1057,350
XGB,M_SAP,random,0.95,0.9498,0.1534,580
XGB,M_SAP,spatial_constrained,0.05,0.032,0.0045,2887
XGB,M_SAP,spatial_constrained,0.15,0.1444,0.0122,572
XGB,M_SAP,spatial_constrained,0.25,0.2487,0.0285,316
XGB,M_SAP,spatial_constrained,0.35,0.3707,0.0065,463
XGB,M_SAP,spatial_constrained,0.45,0.4471,0.0698,172
XGB,M_SAP,spatial_constrained,0.55,0.5452,0.0121,414
XGB,M_SAP,spatial_constrained,0.65,0.6511,0.0584,154
XGB,M_SAP,spatial_constrained,0.75,0.7623,0.0612,343
XGB,M_SAP,spatial_constrained,0.85,0.8445,0.1215,247
XGB,M_SAP,spatial_constrained,0.95,0.9505,0.1317,615
XGB,M_SAP,two_step,0.05,0.0381,0.001,2067
XGB,M_SAP,two_step,0.15,0.1339,0.008,874
XGB,M_SAP,two_step,0.25,0.2543,0.0136,295
XGB,M_SAP,two_step,0.35,0.348,0.0074,537
XGB,M_SAP,two_step,0.45,0.4498,0.0195,257
XGB,M_SAP,two_step,0.55,0.55,0.0207,193
XGB,M_SAP,two_step,0.65,0.6502,0.056,232
XGB,M_SAP,two_step,0.75,0.7538,0.0623,289
XGB,M_SAP,two_step,0.85,0.8573,0.0358,363
XGB,M_SAP,two_step,0.95,0.9607,0.1115,1076
XGB,M_SAP,uncertainty_zone,0.05,0.0248,0.0051,3497
XGB,M_SAP,uncertainty_zone,0.15,0.1375,0.0165,425
XGB,M_SAP,uncertainty_zone,0.25,0.2577,0.0276,181
XGB,M_SAP,uncertainty_zone,0.35,0.354,0.0533,150
XGB,M_SAP,uncertainty_zone,0.45,0.4609,0.0072,138
XGB,M_SAP,uncertainty_zone,0.55,0.5532,0.1188,101
XGB,M_SAP,uncertainty_zone,0.65,0.6761,0.0457,635
XGB,M_SAP,uncertainty_zone,0.75,0.7456,0.0762,341
XGB,M_SAP,uncertainty_zone,0.85,0.8495,0.1194,201
XGB,M_SAP,uncertainty_zone,0.95,0.9743,0.1167,514
XGB,M_SP,random,0.05,0.0298,0.0041,2894
XGB,M_SP,random,0.15,0.1646,0.01,803
XGB,M_SP,random,0.25,0.2376,0.0085,236
XGB,M_SP,random,0.35,0.3556,0.0317,221
XGB,M_SP,random,0.45,0.425,0.0257,505
XGB,M_SP,random,0.55,0.5668,0.0455,220
XGB,M_SP,random,0.65,0.6541,0.0347,202
XGB,M_SP,random,0.75,0.7535,0.0798,213
XGB,M_SP,random,0.85,0.8569,0.075,320
XGB,M_SP,random,0.95,0.9571,0.1582,569
XGB,M_SP,spatial_constrained,0.05,0.0346,0.0047,2777
XGB,M_SP,spatial_constrained,0.15,0.1433,0.0205,634
XGB,M_SP,spatial_constrained,0.25,0.2378,0.014,430
XGB,M_SP,spatial_constrained,0.35,0.3688,0.0235,425
XGB,M_SP,spatial_constrained,0.45,0.4563,0.0293,376
XGB,M_SP,spatial_constrained,0.55,0.5341,0.03,200
XGB,M_SP,spatial_constrained,0.65,0.6451,0.0537,205
XGB,M_SP,spatial_constrained,0.75,0.7512,0.0549,164
XGB,M_SP,spatial_constrained,0.85,0.8494,0.1236,267
XGB,M_SP,spatial_constrained,0.95,0.9517,0.1106,705
XGB,M_SP,two_step,0.05,0.0371,0.0016,1911
XGB,M_SP,two_step,0.15,0.1392,0.0056,715
XGB,M_SP,two_step,0.25,0.2476,0.0078,385
XGB,M_SP,two_step,0.35,0.3595,0.0462,260
XGB,M_SP,two_step,0.45,0.453,0.0235,340
XGB,M_SP,two_step,0.55,0.5434,0.0075,268
XGB,M_SP,two_step,0.65,0.6592,0.0,192
XGB,M_SP,two_step,0.75,0.7524,0.0556,216
XGB,M_SP,two_step,0.85,0.8471,0.0406,812
XGB,M_SP,two_step,0.95,0.9628,0.1042,1084
XGB,M_SP,uncertainty_zone,0.05,0.0182,0.0037,3509
XGB,M_SP,uncertainty_zone,0.15,0.1431,0.0438,297
XGB,M_SP,uncertainty_zone,0.25,0.2505,0.0189,371
XGB,M_SP,uncertainty_zone,0.35,0.3427,0.0811,148
XGB,M_SP,uncertainty_zone,0.45,0.4609,0.0286,210
XGB,M_SP,uncertainty_zone,0.55,0.5554,0.0388,258
XGB,M_SP,uncertainty_zone,0.65,0.6335,0.0395,329
XGB,M_SP,uncertainty_zone,0.75,0.7326,0.0587,579
XGB,M_SP,uncertainty_zone,0.85,0.844,0.1009,317
XGB,M_SP,uncertainty_zone,0.95,0.9511,0.303,165
