algo,feat_set,pa_method,auc_roc,pr_auc,brier,cal_slope,cal_int,boyce_csi,n_pres,n_bg,tss,tss_thr,sensitivity,specificity,bal_acc,thr_source,auc_roc_ci_lo,auc_roc_ci_hi,pr_auc_ci_lo,pr_auc_ci_hi,brier_ci_lo,brier_ci_hi
MXN,M_S,random,0.6781,0.0449,0.4076,0.0606,-3.5326,0.7895,190,5993,0.3257,0.645,0.7737,0.552,0.6628,inner_oof,0.5294,0.816,0.0303,0.2885,0.2507,0.567
MXN,M_S,spatial_constrained,0.6913,0.0453,0.3415,0.0665,-3.488,0.8737,190,5993,0.4399,0.491,0.8474,0.5925,0.7199,inner_oof,0.4999,0.8458,0.0288,0.1262,0.1797,0.5483
MXN,M_S,two_step,0.6603,0.0424,0.4797,0.0738,-3.5786,0.785,190,5993,0.2682,0.7464,0.7632,0.5051,0.6341,inner_oof,0.5186,0.7927,0.0294,0.2324,0.3346,0.6347
MXN,M_S,uncertainty_zone,0.8166,0.0848,0.1682,0.1081,-3.3334,0.9233,190,5993,,,,,,not_computed,0.6891,0.9027,0.0453,0.3674,0.0863,0.2871
MXN,M_SA,random,0.7411,0.0545,0.3481,0.0846,-3.543,0.9278,190,5993,0.4156,0.7397,0.7368,0.6788,0.7078,inner_oof,0.6108,0.8673,0.0363,0.2523,0.2155,0.4797
MXN,M_SA,spatial_constrained,0.7625,0.0588,0.3119,0.1046,-3.4652,0.8015,190,5993,0.4859,0.4751,0.9,0.5859,0.7429,inner_oof,0.6361,0.8649,0.0386,0.1954,0.2015,0.4327
MXN,M_SA,two_step,0.7113,0.0496,0.4477,0.09,-3.6386,0.9053,190,5993,0.3699,0.7477,0.8158,0.5541,0.685,inner_oof,0.5823,0.8339,0.0335,0.2234,0.3095,0.582
MXN,M_SA,uncertainty_zone,0.8182,0.0806,0.1782,0.1053,-3.3515,0.9444,190,5993,,,,,,not_computed,0.6948,0.9134,0.0457,0.4079,0.0937,0.2965
MXN,M_SAP,random,0.821,0.0786,0.2836,0.1319,-3.5543,0.9805,190,5993,0.5637,0.6526,0.8684,0.6953,0.7819,inner_oof,0.7059,0.9197,0.0478,0.4142,0.1795,0.4016
MXN,M_SAP,spatial_constrained,0.7809,0.0638,0.2976,0.1104,-3.4699,0.8692,190,5993,0.5108,0.5499,0.8737,0.6371,0.7554,inner_oof,0.643,0.8953,0.0398,0.3058,0.1709,0.4458
MXN,M_SAP,two_step,0.7173,0.0808,0.4381,0.0967,-3.6725,0.9414,190,5993,0.4257,0.7632,0.8474,0.5783,0.7129,inner_oof,0.5822,0.8378,0.0478,0.1747,0.3075,0.5792
MXN,M_SAP,uncertainty_zone,0.7363,0.0532,0.2905,0.0571,-3.4742,0.8887,190,5993,,,,,,not_computed,0.6005,0.8731,0.0353,0.1444,0.1646,0.421
MXN,M_SP,random,0.8125,0.0793,0.274,0.1352,-3.5292,0.8812,190,5993,0.4894,0.6157,0.8053,0.6841,0.7447,inner_oof,0.7007,0.9069,0.047,0.389,0.1645,0.3899
MXN,M_SP,spatial_constrained,0.7783,0.0631,0.3051,0.1096,-3.4899,0.8271,190,5993,0.5401,0.6171,0.8895,0.6506,0.77,inner_oof,0.6384,0.8912,0.0393,0.294,0.1741,0.4482
MXN,M_SP,two_step,0.74,0.0628,0.4437,0.1115,-3.7196,0.8211,190,5993,0.3606,0.7828,0.7895,0.5712,0.6803,inner_oof,0.618,0.8513,0.04,0.2757,0.3126,0.5829
MXN,M_SP,uncertainty_zone,0.8507,0.1036,0.1642,0.1485,-3.2305,0.8722,190,5993,,,,,,not_computed,0.7543,0.9246,0.0567,0.5042,0.086,0.2711
RF,M_S,random,0.764,0.0964,0.2218,0.5279,-3.4361,0.9203,190,5993,0.4074,0.4952,0.7526,0.6548,0.7037,inner_oof,0.6466,0.8683,0.0552,0.3201,0.1216,0.3259
RF,M_S,spatial_constrained,0.7317,0.0643,0.2346,0.1529,-3.4117,0.8752,190,5993,0.3773,0.5753,0.6737,0.7037,0.6887,inner_oof,0.6084,0.8519,0.0394,0.2776,0.133,0.3444
RF,M_S,two_step,0.7923,0.1228,0.2957,0.3058,-3.5692,0.812,190,5993,0.4579,0.6402,0.7895,0.6684,0.729,inner_oof,0.691,0.8788,0.0763,0.2917,0.1956,0.4007
RF,M_S,uncertainty_zone,0.7404,0.0675,0.1666,0.2561,-3.2423,0.8917,190,5993,0.3938,0.4683,0.6,0.7938,0.6969,inner_oof,0.6047,0.8676,0.038,0.3738,0.0702,0.277
RF,M_SA,random,0.8086,0.1891,0.2149,0.8798,-3.6537,0.9609,190,5993,0.4303,0.5444,0.7368,0.6935,0.7152,inner_oof,0.7194,0.8921,0.1181,0.3553,0.1309,0.3029
RF,M_SA,spatial_constrained,0.7563,0.0753,0.2173,0.5506,-3.3743,0.9353,190,5993,0.4031,0.4787,0.7842,0.6189,0.7015,inner_oof,0.6384,0.866,0.0456,0.2514,0.1294,0.3103
RF,M_SA,two_step,0.8085,0.1528,0.2987,0.3382,-3.6783,0.9459,190,5993,0.4313,0.6641,0.7474,0.684,0.7157,inner_oof,0.7153,0.8862,0.1017,0.2967,0.204,0.4036
RF,M_SA,uncertainty_zone,0.7884,0.1087,0.1674,0.6379,-3.2699,0.9383,190,5993,0.4345,0.4803,0.6895,0.745,0.7173,inner_oof,0.6745,0.8781,0.0542,0.4049,0.0972,0.2645
RF,M_SAP,random,0.8376,0.1724,0.1556,0.7513,-3.3067,0.9684,190,5993,0.5257,0.4687,0.7842,0.7415,0.7629,inner_oof,0.7706,0.9001,0.107,0.3775,0.1058,0.2147
RF,M_SAP,spatial_constrained,0.7968,0.1034,0.2096,0.693,-3.4293,0.9218,190,5993,0.4313,0.4897,0.8105,0.6207,0.7156,inner_oof,0.7058,0.8769,0.0658,0.2509,0.1428,0.2835
RF,M_SAP,two_step,0.8254,0.1746,0.2184,0.7307,-3.6827,0.9278,190,5993,0.5111,0.4774,0.8474,0.6638,0.7556,inner_oof,0.7431,0.8907,0.1077,0.3015,0.1581,0.2906
RF,M_SAP,uncertainty_zone,0.852,0.2185,0.0902,1.4678,-2.4855,0.9842,190,5993,0.541,0.3939,0.7,0.841,0.7705,inner_oof,0.7803,0.9091,0.1227,0.4598,0.0651,0.1205
RF,M_SP,random,0.8224,0.1575,0.1583,0.8838,-3.2738,0.9774,190,5993,0.4639,0.4783,0.7211,0.7429,0.732,inner_oof,0.7392,0.8957,0.0913,0.3798,0.0979,0.2263
RF,M_SP,spatial_constrained,0.792,0.0996,0.2123,0.6339,-3.412,0.9444,190,5993,0.4254,0.5244,0.7737,0.6518,0.7127,inner_oof,0.6896,0.887,0.0599,0.3007,0.1284,0.3032
RF,M_SP,two_step,0.8403,0.1706,0.2543,0.7472,-3.9542,0.9639,190,5993,0.5105,0.6157,0.7895,0.721,0.7552,inner_oof,0.7613,0.907,0.0954,0.3455,0.1814,0.3318
RF,M_SP,uncertainty_zone,0.8108,0.232,0.1381,1.0943,-3.0952,0.9624,190,5993,0.4099,0.5123,0.5684,0.8415,0.705,inner_oof,0.7023,0.8948,0.1516,0.3878,0.0831,0.2108
XGB,M_S,random,0.8162,0.1837,0.2032,0.5829,-3.5089,0.6226,190,5993,0.5335,0.5837,0.7789,0.7545,0.7667,inner_oof,0.7247,0.894,0.113,0.3303,0.1121,0.3093
XGB,M_S,spatial_constrained,0.7263,0.0731,0.2698,0.2752,-3.4749,0.7383,190,5993,0.3899,0.5845,0.7053,0.6846,0.6949,inner_oof,0.5952,0.8417,0.0432,0.2238,0.1399,0.4118
XGB,M_S,two_step,0.7846,0.1372,0.347,0.4195,-4.0284,0.4727,190,5993,0.5036,0.7493,0.8579,0.6458,0.7518,inner_oof,0.6812,0.8718,0.0851,0.2932,0.2176,0.4863
XGB,M_S,uncertainty_zone,0.8041,0.2198,0.1506,0.5173,-3.1877,0.7925,190,5993,0.4685,0.5621,0.6368,0.8316,0.7342,inner_oof,0.7149,0.8821,0.1332,0.3835,0.086,0.2326
XGB,M_SA,random,0.841,0.2269,0.2493,0.695,-3.9188,0.812,190,5993,0.5241,0.6734,0.7737,0.7504,0.762,inner_oof,0.7584,0.9097,0.1381,0.3976,0.1574,0.3497
XGB,M_SA,spatial_constrained,0.7709,0.1055,0.2248,0.3822,-3.4025,0.8782,190,5993,0.4075,0.5555,0.7105,0.697,0.7038,inner_oof,0.6586,0.86,0.0592,0.2773,0.1309,0.3397
XGB,M_SA,two_step,0.8166,0.1711,0.3514,0.4772,-4.1474,0.8135,190,5993,0.4655,0.7587,0.8158,0.6498,0.7328,inner_oof,0.7256,0.8893,0.1016,0.3413,0.2279,0.4875
XGB,M_SA,uncertainty_zone,0.8337,0.1868,0.1535,0.5148,-3.2328,0.8917,190,5993,0.5262,0.5997,0.7053,0.821,0.7631,inner_oof,0.7485,0.8995,0.101,0.3666,0.0828,0.2467
XGB,M_SAP,random,0.8485,0.2135,0.1903,0.5661,-3.5585,0.9068,190,5993,0.5391,0.5512,0.7632,0.7759,0.7695,inner_oof,0.7883,0.8978,0.1312,0.3445,0.1402,0.2452
XGB,M_SAP,spatial_constrained,0.8269,0.1468,0.1892,0.4855,-3.4233,0.9023,190,5993,0.5399,0.6078,0.7421,0.7978,0.7699,inner_oof,0.7452,0.8943,0.0825,0.2585,0.1196,0.2738
XGB,M_SAP,two_step,0.8428,0.198,0.2612,0.4717,-3.9132,0.8496,190,5993,0.5624,0.6725,0.8316,0.7309,0.7812,inner_oof,0.7733,0.8999,0.1233,0.3523,0.1952,0.3319
XGB,M_SAP,uncertainty_zone,0.8163,0.1236,0.1858,0.3608,-3.2855,0.8902,190,5993,,,,,,not_computed,0.6965,0.9149,0.0615,0.3793,0.0815,0.31
XGB,M_SP,random,0.8436,0.2124,0.1787,0.5198,-3.4773,0.9293,190,5993,0.5279,0.5385,0.7526,0.7752,0.7639,inner_oof,0.7823,0.8972,0.1373,0.3362,0.1265,0.2349
XGB,M_SP,spatial_constrained,0.8139,0.151,0.1891,0.4821,-3.4271,0.8932,190,5993,0.496,0.6271,0.6842,0.8118,0.748,inner_oof,0.7277,0.8845,0.0911,0.277,0.1233,0.2719
XGB,M_SP,two_step,0.8181,0.1498,0.3066,0.4761,-3.974,0.6707,190,5993,0.4878,0.6618,0.8316,0.6563,0.7439,inner_oof,0.7447,0.8806,0.0903,0.3338,0.2152,0.4008
XGB,M_SP,uncertainty_zone,0.8485,0.2487,0.1508,0.6078,-3.119,0.7459,190,5993,,,,,,not_computed,0.7572,0.9182,0.16,0.3674,0.0804,0.2374
